{"target_statuses":[{"id":"target2","danger_level":1,"CPA":4.693347932799497,"TCPA":860.718959569931},{"id":"target0","danger_level":0,"CPA":6.540375248186469,"TCPA":-896.3894163150607},{"id":"target1","danger_level":0,"CPA":1.7511960506133449,"TCPA":1906.5942597389222},{"id":"target3","danger_level":0,"CPA":0.8344523187320329,"TCPA":1500.122375011444}],"limitations":[]}