{"target_statuses":[{"id":"target2","danger_level":2,"CPA":0.5594806560742491,"TCPA":1583.1654138565064},{"id":"target1","danger_level":2,"CPA":0.23611358433460334,"TCPA":1714.661723613739},{"id":"target0","danger_level":1,"CPA":2.7775897846420105,"TCPA":1179.1565351486207},{"id":"target3","danger_level":1,"CPA":4.262565460456883,"TCPA":1606.455043554306}],"limitations":[]}