{
	"target_statuses": [
		{
			"id": "target0",
			"danger_level": 2,
			"CPA": 0.31316335997758543,
			"TCPA": 2076.8846485614777
		},
		{
			"id": "target1",
			"danger_level": 2,
			"CPA": 0.4460248301607564,
			"TCPA": 2612.9727091789246
		},
		{
			"id": "target2",
			"danger_level": 0,
			"CPA": 0.06522184885763914,
			"TCPA": 3905.945925235748
		},
		{
			"id": "target3",
			"danger_level": 0,
			"CPA": 2.9978371684105993,
			"TCPA": -4145.720757884611
		}
	],
	"limitations": []
}