{"target_statuses":[{"id":"target0","danger_level":2,"CPA":0.31316335997713026,"TCPA":2076.8846485614778},{"id":"target1","danger_level":2,"CPA":0.4460248301605373,"TCPA":2612.9727091789247},{"id":"target2","danger_level":0,"CPA":0.06522184885744729,"TCPA":3905.945925235748},{"id":"target3","danger_level":0,"CPA":2.9978371684108988,"TCPA":-4145.720757884746}],"limitations":[]}