{"target_statuses":[{"id":"target0","danger_level":2,"CPA":0.7004978888919705,"TCPA":1254.1456377506257},{"id":"target1","danger_level":2,"CPA":0.600341424755531,"TCPA":2199.2563574314119},{"id":"target3","danger_level":1,"CPA":3.343010545513363,"TCPA":4658.865412473679},{"id":"target2","danger_level":1,"CPA":6.602502756899516,"TCPA":4844.303540468216}],"limitations":[]}