{"target_statuses":[{"id":"target0","danger_level":2,"CPA":0.7004978888918982,"TCPA":1254.1456377506257},{"id":"target1","danger_level":2,"CPA":0.6003414247556268,"TCPA":2199.2563574314119},{"id":"target3","danger_level":1,"CPA":3.3430105455136958,"TCPA":4658.865412473679},{"id":"target2","danger_level":0,"CPA":6.60250275689938,"TCPA":4844.303540468216}],"limitations":[]}