{"target_statuses":[{"id":"target0","danger_level":1,"CPA":2.1957019550159679,"TCPA":1078.2876389026642},{"id":"target3","danger_level":1,"CPA":2.2777560596846189,"TCPA":2320.8514025211336},{"id":"target1","danger_level":0,"CPA":5.271409616005719,"TCPA":1815.7869663238526},{"id":"target2","danger_level":0,"CPA":2.1799978469004168,"TCPA":4393.9243285655979}],"limitations":[]}