{"target_statuses":[{"id":"target2","danger_level":1,"CPA":2.179997846900338,"TCPA":4393.9243285655979},{"id":"target0","danger_level":1,"CPA":2.195701955015087,"TCPA":1078.2876389026642},{"id":"target3","danger_level":1,"CPA":2.2777560596848147,"TCPA":2320.8514025211336},{"id":"target1","danger_level":1,"CPA":5.271409616005449,"TCPA":1815.7869663238526}],"limitations":[]}