{"target_statuses":[{"id":"9","danger_level":2,"CPA":0.49012451669721798,"TCPA":1181.7751065564749},{"id":"3","danger_level":2,"CPA":2.3847739570103658,"TCPA":2460.1953072688886},{"id":"13","danger_level":1,"CPA":5.010013203696469,"TCPA":71.77664619663432},{"id":"2","danger_level":0,"CPA":3.141154136895667,"TCPA":1452.2897305091613}],"limitations":[]}