{"target_statuses":[{"id":"target1","danger_level":2,"CPA":1.1367048108474392,"TCPA":1260.825116634369},{"id":"target0","danger_level":0,"CPA":7.308228588560104,"TCPA":-486.08824196821777},{"id":"target2","danger_level":0,"CPA":0.6797928002829587,"TCPA":2486.696785926819},{"id":"target3","danger_level":0,"CPA":1.7977131577555404,"TCPA":-1278.1121862104574}],"limitations":[]}