{"target_statuses":[{"id":"target1","danger_level":2,"CPA":0.9337760422158368,"TCPA":2797.871734857559},{"id":"target3","danger_level":1,"CPA":4.7255775948601,"TCPA":2145.6609268188478},{"id":"target2","danger_level":1,"CPA":5.000000000000104,"TCPA":5600.0},{"id":"target0","danger_level":0,"CPA":2.9591320735121329,"TCPA":1858.2683188915253}],"limitations":[]}