{"target_statuses":[{"id":"target1","danger_level":2,"CPA":0.44866256681477936,"TCPA":1288.5754745006562},{"id":"target0","danger_level":0,"CPA":4.899851733322444,"TCPA":1373.0769231319428},{"id":"target2","danger_level":0,"CPA":0.901112985522139,"TCPA":2848.7019097805025},{"id":"target3","danger_level":0,"CPA":0.1600483790338559,"TCPA":3611.139054298401}],"limitations":[]}