{"target_statuses":[{"id":"target1","danger_level":2,"CPA":0.44866256681516389,"TCPA":1288.5754745006562},{"id":"target0","danger_level":1,"CPA":4.8998517333228419,"TCPA":1373.0769231319428},{"id":"target2","danger_level":0,"CPA":0.9011129855225379,"TCPA":2848.7019097805025},{"id":"target3","danger_level":0,"CPA":0.16004837903385625,"TCPA":3611.139054298401}],"limitations":[]}