{
	"target_statuses": [
		{
			"id": "target1",
			"danger_level": 2,
			"CPA": 0.44866256681516387,
			"TCPA": 1288.5754745006561
		},
		{
			"id": "target0",
			"danger_level": 1,
			"CPA": 4.8998517333228415,
			"TCPA": 1373.0769231319427
		},
		{
			"id": "target2",
			"danger_level": 0,
			"CPA": 0.9011129855225379,
			"TCPA": 2848.7019097805023
		},
		{
			"id": "target3",
			"danger_level": 0,
			"CPA": 0.16004837903385624,
			"TCPA": 3611.139054298401
		}
	],
	"limitations": []
}