{"target_statuses":[{"id":"target2","danger_level":1,"CPA":1.5130677485778242,"TCPA":1392.454671382904},{"id":"target0","danger_level":1,"CPA":2.8988505868425298,"TCPA":1298.9223880767823},{"id":"target1","danger_level":0,"CPA":1.7072002691050512,"TCPA":2926.2274045944216},{"id":"target3","danger_level":0,"CPA":1.7821260695712878,"TCPA":-868.8178073825461}],"limitations":[]}