{"target_statuses":[{"id":"target0","danger_level":2,"CPA":1.961038709667881,"TCPA":3006.214139699936},{"id":"target3","danger_level":1,"CPA":6.166666666666725,"TCPA":2900.0},{"id":"target2","danger_level":1,"CPA":6.191859207202461,"TCPA":2074.017473220825},{"id":"target1","danger_level":0,"CPA":4.659949393673335,"TCPA":2544.3269226551058}],"limitations":[]}