{
	"target_statuses": [
		{
			"id": "target0",
			"danger_level": 2,
			"CPA": 1.9610387096678326,
			"TCPA": 3006.214139699936
		},
		{
			"id": "target1",
			"danger_level": 1,
			"CPA": 4.659949393673757,
			"TCPA": 2544.3269226551056
		},
		{
			"id": "target3",
			"danger_level": 1,
			"CPA": 6.166666666666698,
			"TCPA": 2900.0
		},
		{
			"id": "target2",
			"danger_level": 1,
			"CPA": 6.1918592072027705,
			"TCPA": 2074.017473220825
		}
	],
	"limitations": []
}