{"target_statuses":[{"id":"target1","danger_level":1,"CPA":6.2068230315338399,"TCPA":1531.3264837265015},{"id":"target0","danger_level":0,"CPA":8.051043062809267,"TCPA":1756.0506522655488},{"id":"target2","danger_level":0,"CPA":4.387229019112632,"TCPA":1551.3992459774018},{"id":"target3","danger_level":0,"CPA":0.883563922826798,"TCPA":1456.168374300003}],"limitations":[]}