{"target_statuses":[{"id":"target2","danger_level":2,"CPA":0.3120292520662945,"TCPA":1432.811493396759},{"id":"target3","danger_level":1,"CPA":3.0948796306430488,"TCPA":1403.364096879959},{"id":"target0","danger_level":0,"CPA":1.9480935187265667,"TCPA":2325.5437757968904},{"id":"target1","danger_level":0,"CPA":1.4101209917269247,"TCPA":3760.4196631908419}],"limitations":[]}