{"target_statuses":[{"id":"3","danger_level":2,"CPA":0.49398496326398358,"TCPA":1543.2727025954494},{"id":"2","danger_level":2,"CPA":0.14729385132441914,"TCPA":1707.2777172516747},{"id":"1","danger_level":0,"CPA":2.6286256814200725,"TCPA":1184.461767490819},{"id":"4","danger_level":0,"CPA":4.201770111743501,"TCPA":1533.976742830446}],"limitations":[]}