{"target_statuses":[{"id":"target1","danger_level":2,"CPA":0.7356013133098578,"TCPA":2136.314348936081},{"id":"target0","danger_level":1,"CPA":2.1635353773191579,"TCPA":1373.7935485839844},{"id":"target3","danger_level":1,"CPA":5.145143208976312,"TCPA":928.2379038333893},{"id":"target2","danger_level":0,"CPA":3.5137640685476314,"TCPA":1111.367306470871}],"limitations":[]}