{"target_statuses":[{"id":"1","danger_level":2,"CPA":0.4314870668885394,"TCPA":1861.2118445770432},{"id":"2","danger_level":0,"CPA":4.563725709102813,"TCPA":1589.2227423111283},{"id":"3","danger_level":0,"CPA":1.3484392451080923,"TCPA":2837.809932592666},{"id":"4","danger_level":0,"CPA":2.6813074496934807,"TCPA":1937.4940603322567}],"limitations":[]}