{"target_statuses":[{"id":"target3","danger_level":2,"CPA":1.279878478236803,"TCPA":2460.1838471889498},{"id":"target0","danger_level":1,"CPA":3.43462872928784,"TCPA":530.2795360088348},{"id":"target1","danger_level":0,"CPA":5.112370831714432,"TCPA":1596.6106028556824},{"id":"target2","danger_level":0,"CPA":3.7569755741446846,"TCPA":1474.5347068309785}],"limitations":[]}