{"target_statuses":[{"id":"target3","danger_level":2,"CPA":1.2798784782373594,"TCPA":2460.1838471889498},{"id":"target0","danger_level":1,"CPA":3.434628729287863,"TCPA":530.2795360088348},{"id":"target2","danger_level":1,"CPA":3.756975574145011,"TCPA":1474.5347068309785},{"id":"target1","danger_level":1,"CPA":5.11237083171478,"TCPA":1596.6106028556824}],"limitations":[]}