{"target_statuses":[{"id":"target3","danger_level":2,"CPA":1.639105509127196,"TCPA":3307.430959224701},{"id":"target2","danger_level":1,"CPA":3.2694358819859876,"TCPA":15248.997588157654},{"id":"target1","danger_level":1,"CPA":4.135597621731966,"TCPA":2598.7518026828768},{"id":"target0","danger_level":1,"CPA":7.18066881872171,"TCPA":1452.6825444698334}],"limitations":[]}