{"target_statuses":[{"id":"target0","danger_level":1,"CPA":2.275869116015257,"TCPA":989.4125392436981},{"id":"target4","danger_level":1,"CPA":5.333333333332664,"TCPA":5600.0},{"id":"target1","danger_level":0,"CPA":5.0536948607997529,"TCPA":1548.9474513530732},{"id":"target2","danger_level":0,"CPA":2.431204848530042,"TCPA":2319.9834349155428}],"limitations":[]}