{"target_statuses":[{"id":"target2","danger_level":2,"CPA":0.03489742806216907,"TCPA":2449.0808670520784},{"id":"target3","danger_level":1,"CPA":4.365397073623844,"TCPA":2048.2476296424867},{"id":"target0","danger_level":1,"CPA":5.117055661143289,"TCPA":1637.6584918498994},{"id":"target1","danger_level":1,"CPA":5.749999999999902,"TCPA":2600.0}],"limitations":[]}