{"target_statuses":[{"id":"target2","danger_level":2,"CPA":0.21415613770526424,"TCPA":1218.4907524585725},{"id":"target3","danger_level":1,"CPA":5.232224962488322,"TCPA":133.67199897766114},{"id":"target0","danger_level":0,"CPA":3.103080183004978,"TCPA":1487.8575692176819},{"id":"target1","danger_level":0,"CPA":2.396651136582122,"TCPA":2534.1092092990877}],"limitations":[]}