{"target_statuses":[{"id":"target2","danger_level":2,"CPA":1.1129648924824805,"TCPA":1394.4516067504883},{"id":"target0","danger_level":1,"CPA":4.002814878387804,"TCPA":1086.7303886413575},{"id":"target3","danger_level":1,"CPA":4.977141021718366,"TCPA":1238.9365055561066},{"id":"target1","danger_level":0,"CPA":0.33259340961729036,"TCPA":2580.283518075943}],"limitations":[]}