{"target_statuses":[{"id":"target2","danger_level":2,"CPA":0.830350144745204,"TCPA":1350.694147348404},{"id":"target0","danger_level":1,"CPA":4.576322986763337,"TCPA":334.0545778274536},{"id":"target3","danger_level":1,"CPA":8.731993557412413,"TCPA":6484.269665956497},{"id":"target1","danger_level":0,"CPA":1.5860848223093469,"TCPA":2570.23548579216}],"limitations":[]}