{"target_statuses":[{"id":"target2","danger_level":2,"CPA":0.8303501447444125,"TCPA":1350.694147348404},{"id":"target0","danger_level":1,"CPA":4.576322986763636,"TCPA":334.0545778274536},{"id":"target1","danger_level":0,"CPA":1.5860848223092774,"TCPA":2570.23548579216},{"id":"target3","danger_level":0,"CPA":8.731993557412095,"TCPA":6484.269665956497}],"limitations":[]}