{"target_statuses":[{"id":"target2","danger_level":2,"CPA":0.4955608128781839,"TCPA":1178.9440340995789},{"id":"target0","danger_level":2,"CPA":0.24500793907109079,"TCPA":1493.24489569664},{"id":"target3","danger_level":2,"CPA":0.1084452174902983,"TCPA":1730.9322378635407},{"id":"target1","danger_level":1,"CPA":4.152827415228261,"TCPA":583.1119379997253}],"limitations":[]}