{"target_statuses":[{"id":"target2","danger_level":2,"CPA":0.4955608128784775,"TCPA":1178.9440340995789},{"id":"target0","danger_level":2,"CPA":0.24500793907119376,"TCPA":1493.24489569664},{"id":"target3","danger_level":2,"CPA":0.10844521749019352,"TCPA":1730.9322378635407},{"id":"target1","danger_level":1,"CPA":4.152827415228151,"TCPA":583.1119379997253}],"limitations":[]}