{
	"target_statuses": [
		{
			"id": "target0",
			"danger_level": 2,
			"CPA": 2.9650936049360834,
			"TCPA": 1025.0196506977081
		},
		{
			"id": "target1",
			"danger_level": 2,
			"CPA": 2.9166666666664747,
			"TCPA": 2100.0
		},
		{
			"id": "target3",
			"danger_level": 1,
			"CPA": 4.485057101216278,
			"TCPA": 1275.8195986747742
		},
		{
			"id": "target2",
			"danger_level": 0,
			"CPA": 2.4496715984020496,
			"TCPA": 2209.3686289787292
		}
	],
	"limitations": []
}