{"target_statuses":[{"id":"target0","danger_level":2,"CPA":2.965093604935948,"TCPA":1025.0196506977082},{"id":"target1","danger_level":2,"CPA":2.916666666666077,"TCPA":2100.0},{"id":"target3","danger_level":1,"CPA":4.48505710121668,"TCPA":1275.8195986747742},{"id":"target2","danger_level":0,"CPA":2.4496715984018184,"TCPA":2209.3686289787294}],"limitations":[]}