{
	"target_statuses": [
		{
			"id": "target3",
			"danger_level": 2,
			"CPA": 0.589749633620112,
			"TCPA": 1875.8999540805817
		},
		{
			"id": "target1",
			"danger_level": 1,
			"CPA": 1.317178547507121,
			"TCPA": 2861.8581550121307
		},
		{
			"id": "target0",
			"danger_level": 1,
			"CPA": 2.51598969800629,
			"TCPA": 1873.8715879917145
		},
		{
			"id": "target2",
			"danger_level": 1,
			"CPA": 4.456911599942944,
			"TCPA": 1566.3741183280945
		}
	],
	"limitations": []
}