{"target_statuses":[{"id":"target3","danger_level":2,"CPA":0.5897496336200037,"TCPA":1875.8999540805817},{"id":"target0","danger_level":1,"CPA":2.5159896980060765,"TCPA":1873.8715879917145},{"id":"target2","danger_level":1,"CPA":4.456911599943273,"TCPA":1566.3741183280945},{"id":"target1","danger_level":0,"CPA":1.317178547506983,"TCPA":2861.8581550121309}],"limitations":[]}