{"target_statuses":[{"id":"target2","danger_level":2,"CPA":0.35903984447923606,"TCPA":1249.5463514328004},{"id":"target0","danger_level":1,"CPA":3.841308015562112,"TCPA":1401.3806438446046},{"id":"target1","danger_level":1,"CPA":4.501544491041653,"TCPA":874.1912050247192},{"id":"target3","danger_level":0,"CPA":1.1722022425155206,"TCPA":2524.7929770946504}],"limitations":[]}