{
	"target_statuses": [
		{
			"id": "target2",
			"danger_level": 2,
			"CPA": 0.359039844478849,
			"TCPA": 1249.5463514328003
		},
		{
			"id": "target0",
			"danger_level": 1,
			"CPA": 3.8413080155618005,
			"TCPA": 1401.3806438446045
		},
		{
			"id": "target1",
			"danger_level": 1,
			"CPA": 4.5015444910419875,
			"TCPA": 874.1912050247192
		},
		{
			"id": "target3",
			"danger_level": 0,
			"CPA": 1.1722022425148424,
			"TCPA": 2524.7929770946503
		}
	],
	"limitations": []
}