{
	"target_statuses": [
		{
			"id": "target2",
			"danger_level": 2,
			"CPA": 0.13766920439691108,
			"TCPA": 1366.9875531196594
		},
		{
			"id": "target1",
			"danger_level": 2,
			"CPA": 0.10820702429441328,
			"TCPA": 2006.3702723979948
		},
		{
			"id": "target3",
			"danger_level": 1,
			"CPA": 2.0118577119905,
			"TCPA": 1294.8204414844513
		},
		{
			"id": "target0",
			"danger_level": 1,
			"CPA": 5.3739262055959784,
			"TCPA": 618.2545340061188
		}
	],
	"limitations": []
}