{"target_statuses":[{"id":"target2","danger_level":2,"CPA":0.1376692043968395,"TCPA":1366.9875531196595},{"id":"target1","danger_level":2,"CPA":0.10820702429486742,"TCPA":2006.3702723979948},{"id":"target3","danger_level":1,"CPA":2.0118577119905889,"TCPA":1294.8204414844514},{"id":"target0","danger_level":1,"CPA":5.373926205596882,"TCPA":618.2545340061188}],"limitations":[]}