{
	"target_statuses": [
		{
			"id": "target0",
			"danger_level": 2,
			"CPA": 1.205879515842289,
			"TCPA": 2372.954514980316
		},
		{
			"id": "target1",
			"danger_level": 1,
			"CPA": 5.0346805496051354,
			"TCPA": 701.9772033691406
		},
		{
			"id": "target3",
			"danger_level": 1,
			"CPA": 6.455654728601141,
			"TCPA": 897.7812614440918
		},
		{
			"id": "target2",
			"danger_level": 0,
			"CPA": 4.932539311205733,
			"TCPA": -617.4302710666603
		}
	],
	"limitations": []
}