{"target_statuses":[{"id":"target0","danger_level":2,"CPA":1.2058795158421654,"TCPA":2372.954514980316},{"id":"target1","danger_level":1,"CPA":5.034680549605411,"TCPA":701.9772033691406},{"id":"target3","danger_level":1,"CPA":6.455654728600737,"TCPA":897.7812614440918},{"id":"target2","danger_level":0,"CPA":4.932539311205474,"TCPA":-617.430271066736}],"limitations":[]}