{
	"target_statuses": [
		{
			"id": "target0",
			"danger_level": 2,
			"CPA": 0.2968448740962581,
			"TCPA": 1185.2804226875305
		},
		{
			"id": "target1",
			"danger_level": 1,
			"CPA": 5.2985688836934255,
			"TCPA": 4031.047467708588
		},
		{
			"id": "target2",
			"danger_level": 1,
			"CPA": 6.634921829571261,
			"TCPA": 1388.9702854156494
		},
		{
			"id": "target3",
			"danger_level": 0,
			"CPA": 3.922268844769813,
			"TCPA": -1869.730271724188
		}
	],
	"limitations": []
}