{"target_statuses":[{"id":"target0","danger_level":2,"CPA":0.29684487409622825,"TCPA":1185.2804226875306},{"id":"target2","danger_level":1,"CPA":6.6349218295718,"TCPA":1388.9702854156495},{"id":"target1","danger_level":0,"CPA":5.298568883693802,"TCPA":4031.047467708588},{"id":"target3","danger_level":0,"CPA":3.9222688447695375,"TCPA":-1869.7302717245109}],"limitations":[]}