{"target_statuses":[{"id":"target1","danger_level":2,"CPA":0.32826024344869128,"TCPA":1654.9907882213593},{"id":"target0","danger_level":1,"CPA":2.083333333333128,"TCPA":1925.0},{"id":"target2","danger_level":1,"CPA":4.399255824219112,"TCPA":2006.0498681068423},{"id":"target3","danger_level":0,"CPA":5.829500929485552,"TCPA":1857.6110556125644}],"limitations":[]}