{"target_statuses":[{"id":"3","danger_level":2,"CPA":0.19418594737628856,"TCPA":1923.6945831706206},{"id":"5","danger_level":2,"CPA":0.54206307536008,"TCPA":2704.395583815879},{"id":"1","danger_level":0,"CPA":3.1525721420533308,"TCPA":-5350.312302036055},{"id":"4","danger_level":0,"CPA":0.751224558331393,"TCPA":3989.3191332831968}],"limitations":[]}