{
	"target_statuses": [
		{
			"id": "target2",
			"danger_level": 2,
			"CPA": 0.23607651947064356,
			"TCPA": 907.1403620243074
		},
		{
			"id": "target1",
			"danger_level": 2,
			"CPA": 0.15148824251596762,
			"TCPA": 1215.4949641227722
		},
		{
			"id": "target0",
			"danger_level": 1,
			"CPA": 3.1927391198749433,
			"TCPA": 2379.6493170261383
		},
		{
			"id": "target3",
			"danger_level": 1,
			"CPA": 3.2875938841775554,
			"TCPA": 1396.7771484851837
		}
	],
	"limitations": []
}