{"target_statuses":[{"id":"target2","danger_level":2,"CPA":0.2360765194707779,"TCPA":907.1403620243074},{"id":"target1","danger_level":2,"CPA":0.15148824251615793,"TCPA":1215.4949641227723},{"id":"target0","danger_level":1,"CPA":3.1927391198747157,"TCPA":2379.6493170261385},{"id":"target3","danger_level":0,"CPA":3.2875938841776124,"TCPA":1396.7771484851838}],"limitations":[]}