{"target_statuses":[{"id":"target1","danger_level":2,"CPA":0.6435061767853612,"TCPA":1307.576637506485},{"id":"target0","danger_level":1,"CPA":2.844387935219615,"TCPA":701.9212052822113},{"id":"target2","danger_level":0,"CPA":0.44683347311295898,"TCPA":1791.2779424190522},{"id":"target3","danger_level":0,"CPA":3.2331183266673366,"TCPA":1375.6207118034363}],"limitations":[]}