{"target_statuses":[{"id":"target1","danger_level":2,"CPA":0.6435061767850243,"TCPA":1307.576637506485},{"id":"target0","danger_level":1,"CPA":2.8443879352194805,"TCPA":701.9212052822113},{"id":"target3","danger_level":1,"CPA":3.2331183266670209,"TCPA":1375.6207118034363},{"id":"target2","danger_level":0,"CPA":0.4468334731130323,"TCPA":1791.2779424190522}],"limitations":[]}