{"target_statuses":[{"id":"target0","danger_level":2,"CPA":1.3782384574773925,"TCPA":1431.1441502571107},{"id":"target1","danger_level":0,"CPA":9.047832062025402,"TCPA":4325.269360780716},{"id":"target2","danger_level":0,"CPA":2.4161431586697854,"TCPA":2694.208350419998},{"id":"target3","danger_level":0,"CPA":1.494881594081472,"TCPA":-11189.095998090805}],"limitations":[]}