{"target_statuses":[{"id":"target0","danger_level":2,"CPA":1.3782384574765894,"TCPA":1431.1441502571107},{"id":"target1","danger_level":1,"CPA":9.04783206202554,"TCPA":4325.269360780716},{"id":"target2","danger_level":0,"CPA":2.416143158669716,"TCPA":2694.208350419998},{"id":"target3","danger_level":0,"CPA":1.494881594081784,"TCPA":-11189.095998092176}],"limitations":[]}