{"target_statuses":[{"id":"target1","danger_level":2,"CPA":0.06360434657679087,"TCPA":1835.0630493164065},{"id":"target0","danger_level":0,"CPA":10.892102948524882,"TCPA":-5171.9183003463499},{"id":"target2","danger_level":0,"CPA":0.24727512299000066,"TCPA":2517.0731706619264},{"id":"target3","danger_level":0,"CPA":3.561537187473891,"TCPA":1200.9248876571656}],"limitations":[]}