{"target_statuses":[{"id":"target2","danger_level":2,"CPA":1.0933656155839673,"TCPA":1376.533281326294},{"id":"target3","danger_level":1,"CPA":4.18313422481365,"TCPA":2138.584529399872},{"id":"target0","danger_level":1,"CPA":7.587944899941524,"TCPA":3107.444751262665},{"id":"target1","danger_level":0,"CPA":0.04822021011167444,"TCPA":3207.9462735652925}],"limitations":[]}