{"target_statuses":[{"id":"target2","danger_level":2,"CPA":1.0933656155837302,"TCPA":1376.533281326294},{"id":"target3","danger_level":1,"CPA":4.183134224813322,"TCPA":2138.584529399872},{"id":"target0","danger_level":1,"CPA":7.587944899941748,"TCPA":3107.444751262665},{"id":"target1","danger_level":0,"CPA":0.04822021011212193,"TCPA":3207.9462735652925}],"limitations":[]}